{
  "natural": {
    "OTHER": {
      "mean": 0.005825623240524522,
      "max": 0.006934332090701245,
      "min": 0.005170195694524972,
      "std": 0.0004320496798508272
    },
    "CONTENT_WORD": {
      "mean": 0.005886281561583064,
      "max": 0.006732206966315013,
      "min": 0.005482241173207902,
      "std": 0.0003665292629909505
    },
    "NEWLINE": {
      "mean": 0.006415031026001744,
      "max": 0.008672845418914221,
      "min": 0.00522947642181454,
      "std": 0.000777146823639914
    },
    "SENTENCE_END": {
      "mean": 0.006262990012950734,
      "max": 0.009433109002808731,
      "min": 0.0035208921921862798,
      "std": 0.0013995910724121708
    },
    "PUNCTUATION": {
      "mean": 0.006415681616523709,
      "max": 0.009678595775039866,
      "min": 0.0030409940518438816,
      "std": 0.0015309898441262602
    },
    "NUMBER": {
      "mean": 0.005639441479486755,
      "max": 0.006981833941856588,
      "min": 0.004581524214396874,
      "std": 0.0006243282104119013
    },
    "BRACKET": {
      "mean": 0.007246016894784127,
      "max": 0.013903571292757988,
      "min": 0.0038204665761440992,
      "std": 0.002153243807452635
    },
    "TEMPLATE_WORD": {
      "mean": 0.006824788741505471,
      "max": 0.012577252462506294,
      "min": 0.002638281090185046,
      "std": 0.0025820386712536343
    }
  },
  "icl": {
    "CONTENT_WORD": {
      "mean": 0.005394117047985728,
      "max": 0.0063907399539015145,
      "min": 0.004949581992370005,
      "std": 0.0003708603992784171
    },
    "OTHER": {
      "mean": 0.0054388556751001115,
      "max": 0.006292737244706476,
      "min": 0.004935825784011423,
      "std": 0.00036608765935854446
    },
    "NUMBER": {
      "mean": 0.005114521882047285,
      "max": 0.007894387817941606,
      "min": 0.0034100598422810435,
      "std": 0.000830108122101651
    },
    "BRACKET": {
      "mean": 0.004624357555035708,
      "max": 0.007534559583291411,
      "min": 0.0028874168638139963,
      "std": 0.0014983698825099094
    }
  }
}